"Estimate","Std. Error","t value","Pr(>|t|)","R2"
1.6913559615992,0.117746559407822,14.3643769304638,7.1267829868264e-06,0.9732
